"","days","months","weeks"
"months",1.24134856410172e-08,NA,NA
"weeks",0.936407743882631,8.98384184304867e-14,NA
"years",6.16988797552318e-05,0.155578513017395,5.10233171588151e-07
