"","days","weeks","months"
"weeks",0.936407743882631,NA,NA
"months",1.24134856410172e-08,8.98384184304867e-14,NA
"years",6.16988797552318e-05,5.10233171588151e-07,0.155578513017395
